location,checkout,dairy,drinks,fruit,spices
checkout,0.36254550357287313,0.16516111635432115,0.15329648105703114,0.17540784683834434,0.14358905217743023
dairy,0.2652843095339889,0.2013681060282172,0.15754595981188543,0.2255237280889269,0.15027789653698162
drinks,0.29961587708066584,0.1905249679897567,0.16081946222791293,0.2002560819462228,0.14878361075544175
fruit,0.2469738383443967,0.2038266302225693,0.15716516985552517,0.2297930495900039,0.16224131198750488
spices,0.28023441662226956,0.1928609483217901,0.15929675013319125,0.2149706979222163,0.15263718700053278
