location,checkout,dairy,drinks,fruit,spices
checkout,0.999121462931824,0.00021616963050036223,0.00024826934001575846,0.0003026374827005071,0.00011146061495936485
dairy,0.0618231308275902,0.8645682515781549,0.0030694388139225113,0.03535646029999421,0.035182718480338215
drinks,0.11649187744190828,0.10754678182192062,0.5987045033929673,0.07166358215093564,0.10559325519226814
fruit,0.1047206453540484,0.03320137436510308,0.03193158051986854,0.8088213325365999,0.021325067224380042
spices,0.10089332632685234,0.06891374521432325,0.06350874558967044,0.04849485774341266,0.7181893251257413
